Track URI,Track Name,Album Name,Artist Name(s),Release Date,Duration (ms),Popularity,Explicit,Added By,Added At,Genres,Record Label,Danceability,Energy,Key,Loudness,Mode,Speechiness,Acousticness,Instrumentalness,Liveness,Valence,Tempo,Time Signature
spotify:track:6XS98Vri8sJPVtcaZTXvqd,"/=/","The Mysterious Production of Eggs","Andrew Bird",2005-02-08,65640,34,false,22fa6drl533jtvipykcflfbma,2026-05-30T18:46:10Z,"baroque pop,indie folk","Wegawam Music Co.",0.0737,0.422,9,-12.517,0,0.0403,0.645,0.884,0.214,0.165,181.842,4
spotify:track:2oJAA4FyRNMOetvj775izK,"Sovay","The Mysterious Production of Eggs","Andrew Bird",2005-02-08,281493,38,false,22fa6drl533jtvipykcflfbma,2026-05-30T18:46:10Z,"baroque pop,indie folk","Wegawam Music Co.",0.472,0.371,0,-13.565,1,0.0299,0.812,0.43,0.134,0.198,108.468,1
spotify:track:6QbUtc3bAqyPJDvtIkH1g2,"A Nervous Tic Motion of the Head to the Left","The Mysterious Production of Eggs","Andrew Bird",2005-02-08,299653,41,false,22fa6drl533jtvipykcflfbma,2026-05-30T18:46:10Z,"baroque pop,indie folk","Wegawam Music Co.",0.513,0.464,2,-10.054,0,0.0374,0.896,0.0252,0.166,0.262,132.968,4
spotify:track:4prvQ5DDvPOq7Ff6JsILvo,"Fake Palindromes","The Mysterious Production of Eggs","Andrew Bird",2005-02-08,172840,49,false,22fa6drl533jtvipykcflfbma,2026-05-30T18:46:10Z,"baroque pop,indie folk","Wegawam Music Co.",0.458,0.64,2,-6.367,1,0.0579,0.306,0.000595,0.314,0.314,144.382,3
spotify:track:7cT69XDzJylSPLiPNVCbhv,"Measuring Cups","The Mysterious Production of Eggs","Andrew Bird",2005-02-08,171773,37,false,22fa6drl533jtvipykcflfbma,2026-05-30T18:46:10Z,"baroque pop,indie folk","Wegawam Music Co.",0.562,0.398,2,-11.625,1,0.0411,0.777,0.122,0.0948,0.379,93.961,4
spotify:track:1fC4Z22ceH1TxeHMvgWC5X,"Banking on a Myth","The Mysterious Production of Eggs","Andrew Bird",2005-02-08,268453,32,false,22fa6drl533jtvipykcflfbma,2026-05-30T18:46:10Z,"baroque pop,indie folk","Wegawam Music Co.",0.649,0.472,4,-8.709,0,0.0322,0.316,0.0134,0.0947,0.298,127.585,3
spotify:track:38dPCe0MEZtk12nJtr3ELP,"Masterfade","The Mysterious Production of Eggs","Andrew Bird",2005-02-08,250693,35,false,22fa6drl533jtvipykcflfbma,2026-05-30T18:46:10Z,"baroque pop,indie folk","Wegawam Music Co.",0.587,0.332,2,-12.835,1,0.0293,0.898,0.0000507,0.0954,0.499,103.812,4
spotify:track:0BnUDiG5IWP9EXWiB8k6F4,"Opposite Day","The Mysterious Production of Eggs","Andrew Bird",2005-02-08,271826,30,false,22fa6drl533jtvipykcflfbma,2026-05-30T18:46:10Z,"baroque pop,indie folk","Wegawam Music Co.",0.599,0.324,7,-10.257,1,0.0513,0.708,0.0000068,0.0951,0.147,97.696,4
spotify:track:0Q9z2988IPBzDQtuzLKswq,"Skin Is, My","The Mysterious Production of Eggs","Andrew Bird",2005-02-08,216893,34,false,22fa6drl533jtvipykcflfbma,2026-05-30T18:46:10Z,"baroque pop,indie folk","Wegawam Music Co.",0.603,0.669,11,-7.689,0,0.0814,0.729,0.00266,0.105,0.602,158.055,4
spotify:track:0ax4Bd2YRdTcGKhUhclNbp,"The Naming of Things","The Mysterious Production of Eggs","Andrew Bird",2005-02-08,297853,30,false,22fa6drl533jtvipykcflfbma,2026-05-30T18:46:10Z,"baroque pop,indie folk","Wegawam Music Co.",0.345,0.564,0,-7.609,1,0.0402,0.712,0.0103,0.153,0.247,102.832,4
spotify:track:5SaLwKBcV8soMCcfiaUvqo,"MX Missiles","The Mysterious Production of Eggs","Andrew Bird",2005-02-08,261519,30,false,22fa6drl533jtvipykcflfbma,2026-05-30T18:46:10Z,"baroque pop,indie folk","Wegawam Music Co.",0.664,0.215,4,-16.488,1,0.0389,0.924,0.0058,0.0947,0.175,110.108,4
spotify:track:3FtHmYzo778xXQbMEx5zwl,"/=/=/","The Mysterious Production of Eggs","Andrew Bird",2005-02-08,68613,27,false,22fa6drl533jtvipykcflfbma,2026-05-30T18:46:10Z,"baroque pop,indie folk","Wegawam Music Co.",0.236,0.132,7,-16.882,1,0.0502,0.822,0.401,0.146,0.107,174.974,3
spotify:track:4Wok4qZpcmwwiXuo1O3qDh,"Tables and Chairs","The Mysterious Production of Eggs","Andrew Bird",2005-02-08,284213,32,false,22fa6drl533jtvipykcflfbma,2026-05-30T18:46:10Z,"baroque pop,indie folk","Wegawam Music Co.",0.53,0.522,2,-9.299,1,0.0331,0.655,0.0169,0.126,0.291,140.081,4
spotify:track:5CbYpBEX3WyFUe7lfMrajW,"The Happy Birthday Song","The Mysterious Production of Eggs","Andrew Bird",2005-02-08,303280,28,false,22fa6drl533jtvipykcflfbma,2026-05-30T18:46:10Z,"baroque pop,indie folk","Wegawam Music Co.",0.472,0.132,0,-11.776,1,0.0274,0.876,0.534,0.116,0.24,79.976,3
spotify:track:5Plx6OhvSukqCRdZ52wUXz,"Farewell Transmission","Magnolia Electric Co. (Deluxe Edition)","Songs: Ohia;Jason Molina",2003-03-04,442106,57,false,22fa6drl533jtvipykcflfbma,2026-05-30T18:47:02Z,"slowcore,alt country,anti-folk,americana","Secretly Canadian",0.431,0.538,11,-8.147,1,0.0302,0.0909,0.0186,0.0817,0.472,148.105,4
spotify:track:0y2DyTS7hhrR9j5LAgTldO,"I've Been Riding With the Ghost","Magnolia Electric Co. (Deluxe Edition)","Songs: Ohia;Jason Molina",2003-03-04,200560,48,false,22fa6drl533jtvipykcflfbma,2026-05-30T18:47:02Z,"slowcore,alt country,anti-folk,americana","Secretly Canadian",0.384,0.546,8,-7.945,0,0.0468,0.545,0.000163,0.123,0.38,120.464,4
spotify:track:2Bv0qamiKGfDBtXCutmXJf,"Just Be Simple","Magnolia Electric Co. (Deluxe Edition)","Songs: Ohia;Jason Molina",2003-03-04,260986,49,false,22fa6drl533jtvipykcflfbma,2026-05-30T18:47:02Z,"slowcore,alt country,anti-folk,americana","Secretly Canadian",0.5,0.39,11,-9.549,0,0.0275,0.652,0.00822,0.12,0.2,137.493,4
spotify:track:719aK5iQfj2tQInOlCdYtm,"Almost Was Good Enough","Magnolia Electric Co. (Deluxe Edition)","Songs: Ohia;Jason Molina",2003-03-04,268253,46,false,22fa6drl533jtvipykcflfbma,2026-05-30T18:47:02Z,"slowcore,alt country,anti-folk,americana","Secretly Canadian",0.424,0.66,6,-7.493,0,0.0356,0.277,0.606,0.132,0.341,78.46,4
spotify:track:4qehkTKtOUZUIx1fcA1ZOW,"The Old Black Hen","Magnolia Electric Co. (Deluxe Edition)","Songs: Ohia;Jason Molina;Lawrence Peters",2003-03-04,348240,41,false,22fa6drl533jtvipykcflfbma,2026-05-30T18:47:02Z,"slowcore,alt country,anti-folk,americana","Secretly Canadian",0.344,0.355,2,-7.74,1,0.0306,0.671,0.00459,0.135,0.141,124.232,3
spotify:track:5jPHmoS0ZEnT2LIBK0ZB2k,"Peoria Lunch Box Blues","Magnolia Electric Co. (Deluxe Edition)","Songs: Ohia;Jason Molina;Scout Niblett",2003-03-04,348453,40,false,22fa6drl533jtvipykcflfbma,2026-05-30T18:47:02Z,"slowcore,alt country,anti-folk,americana","Secretly Canadian",0.461,0.323,2,-10.64,0,0.0314,0.486,0.0933,0.12,0.191,72.879,3
spotify:track:6ibj963SmyltB0rP8TSbpS,"John Henry Split My Heart","Magnolia Electric Co. (Deluxe Edition)","Songs: Ohia;Jason Molina",2003-03-04,369666,41,false,22fa6drl533jtvipykcflfbma,2026-05-30T18:47:02Z,"slowcore,alt country,anti-folk,americana","Secretly Canadian",0.199,0.734,7,-7.357,1,0.036,0.0244,0.816,0.152,0.23,78.655,4
spotify:track:1XfGLgLHhRGAA16mpoZBUi,"Hold On Magnolia","Magnolia Electric Co. (Deluxe Edition)","Songs: Ohia;Jason Molina",2003-03-04,471200,45,false,22fa6drl533jtvipykcflfbma,2026-05-30T18:47:02Z,"slowcore,alt country,anti-folk,americana","Secretly Canadian",0.247,0.28,4,-11.22,1,0.0294,0.752,0.0418,0.146,0.108,73.412,3
spotify:track:1myLlBpQuAhUgcbTv9AoxN,"The Big Game Is Every Night - Bonus Track","Magnolia Electric Co. (Deluxe Edition)","Songs: Ohia;Jason Molina",2003-03-04,594920,38,false,22fa6drl533jtvipykcflfbma,2026-05-30T18:47:02Z,"slowcore,alt country,anti-folk,americana","Secretly Canadian",0.335,0.481,1,-8.226,0,0.0282,0.655,0.0327,0.0949,0.0714,76.349,3
spotify:track:1W6T2dApXyVy5p07aEsRw0,"Whip Poor Will - Bonus Track","Magnolia Electric Co. (Deluxe Edition)","Songs: Ohia;Jason Molina",2003-03-04,233560,35,false,22fa6drl533jtvipykcflfbma,2026-05-30T18:47:02Z,"slowcore,alt country,anti-folk,americana","Secretly Canadian",0.426,0.15,4,-10.794,1,0.0439,0.924,0,0.0929,0.19,95.415,4
spotify:track:7sEx8ZvPLkThIOYCxwrxKM,"Farewell Transmission - Demo","Magnolia Electric Co. (Deluxe Edition)","Songs: Ohia;Jason Molina",2003-03-04,416146,34,false,22fa6drl533jtvipykcflfbma,2026-05-30T18:47:02Z,"slowcore,alt country,anti-folk,americana","Secretly Canadian",0.516,0.215,11,-10.645,1,0.0371,0.869,0.000469,0.312,0.217,77.785,4
spotify:track:79E9hvLJ5RqxUzxO677hWy,"I've Been Riding With the Ghost - Demo","Magnolia Electric Co. (Deluxe Edition)","Songs: Ohia;Jason Molina",2003-03-04,190413,28,false,22fa6drl533jtvipykcflfbma,2026-05-30T18:47:02Z,"slowcore,alt country,anti-folk,americana","Secretly Canadian",0.48,0.238,8,-9.794,0,0.0342,0.891,0.00000418,0.138,0.312,120.118,4
spotify:track:0DVfT4kpmyaDqtGN1kU02h,"Just Be Simple - Demo","Magnolia Electric Co. (Deluxe Edition)","Songs: Ohia;Jason Molina",2003-03-04,174400,28,false,22fa6drl533jtvipykcflfbma,2026-05-30T18:47:02Z,"slowcore,alt country,anti-folk,americana","Secretly Canadian",0.47,0.199,2,-10.293,1,0.0323,0.85,0,0.189,0.2,135.365,4
spotify:track:4PtkWrJk8hVxMklCeJADjl,"The Old Black Hen - Demo","Magnolia Electric Co. (Deluxe Edition)","Songs: Ohia;Jason Molina",2003-03-04,296146,28,false,22fa6drl533jtvipykcflfbma,2026-05-30T18:47:02Z,"slowcore,alt country,anti-folk,americana","Secretly Canadian",0.415,0.156,2,-13.328,1,0.0333,0.9,0.0318,0.108,0.0768,116.292,3
spotify:track:1Z3e8sVJKPPpfxWQPEMtbw,"Peoria Lunch Box Blues - Demo","Magnolia Electric Co. (Deluxe Edition)","Songs: Ohia;Jason Molina",2003-03-04,265453,26,false,22fa6drl533jtvipykcflfbma,2026-05-30T18:47:02Z,"slowcore,alt country,anti-folk,americana","Secretly Canadian",0.45,0.146,2,-11.463,0,0.0309,0.897,0.00294,0.111,0.347,94.914,3
spotify:track:6WWMXkFv6bddGY9FLqwXkQ,"John Henry Split My Heart - Demo","Magnolia Electric Co. (Deluxe Edition)","Songs: Ohia;Jason Molina",2003-03-04,349106,26,false,22fa6drl533jtvipykcflfbma,2026-05-30T18:47:02Z,"slowcore,alt country,anti-folk,americana","Secretly Canadian",0.429,0.0929,0,-12.833,1,0.0363,0.89,0.000569,0.113,0.17,88.163,4
spotify:track:0gi6gq1qlUMNRoe6LS2njR,"Hold On Magnolia - Demo","Magnolia Electric Co. (Deluxe Edition)","Songs: Ohia;Jason Molina",2003-03-04,383426,26,false,22fa6drl533jtvipykcflfbma,2026-05-30T18:47:02Z,"slowcore,alt country,anti-folk,americana","Secretly Canadian",0.38,0.155,4,-13.489,1,0.0349,0.92,0.0426,0.151,0.0892,82.302,3
spotify:track:2zSuHyj7Kn78vjt93vdJKQ,"The Big Game Is Every Night - Demo","Magnolia Electric Co. (Deluxe Edition)","Songs: Ohia;Jason Molina",2003-03-04,386746,25,false,22fa6drl533jtvipykcflfbma,2026-05-30T18:47:02Z,"slowcore,alt country,anti-folk,americana","Secretly Canadian",0.536,0.138,11,-11.147,0,0.0344,0.89,0.0000318,0.306,0.0565,80.639,3
spotify:track:1rcuBqvbRzqkDYRuaE0wtR,"Whip Poor Will - Demo","Magnolia Electric Co. (Deluxe Edition)","Songs: Ohia;Jason Molina",2003-03-04,215453,25,false,22fa6drl533jtvipykcflfbma,2026-05-30T18:47:02Z,"slowcore,alt country,anti-folk,americana","Secretly Canadian",0.506,0.163,4,-11.625,1,0.0369,0.903,0.000236,0.308,0.234,122.831,4
spotify:track:4TXEO5x60Xl3i85UOpr059,"Low Rising","Strict Joy (Deluxe Edition)","The Swell Season;Glen Hansard;Markéta Irglová",2009-10-23,287186,45,false,22fa6drl533jtvipykcflfbma,2026-05-30T18:47:27Z,"","Masterkey Sounds & Plateau Records",0.519,0.512,9,-8.19,1,0.0355,0.00947,0.0855,0.108,0.406,147.711,4
spotify:track:6xgRxP4hYOTUhTHm1XazjY,"Feeling The Pull","Strict Joy (Deluxe Edition)","The Swell Season;Glen Hansard;Markéta Irglová",2009-10-23,140560,21,false,22fa6drl533jtvipykcflfbma,2026-05-30T18:47:27Z,"","Masterkey Sounds & Plateau Records",0.413,0.862,0,-4.616,1,0.0373,0.0103,0.00000323,0.352,0.626,99.721,3
spotify:track:1qHB7ObGoYmYEVall8JZIq,"In These Arms","Strict Joy (Deluxe Edition)","The Swell Season;Glen Hansard;Markéta Irglová",2009-10-23,213853,36,true,22fa6drl533jtvipykcflfbma,2026-05-30T18:47:27Z,"","Masterkey Sounds & Plateau Records",0.615,0.14,11,-17.486,1,0.0358,0.665,0.332,0.11,0.181,120.048,4
spotify:track:7Ew6wstjMYPITlXyLy8onQ,"The Rain","Strict Joy (Deluxe Edition)","The Swell Season;Glen Hansard;Markéta Irglová",2009-10-23,220653,23,false,22fa6drl533jtvipykcflfbma,2026-05-30T18:47:27Z,"","Masterkey Sounds & Plateau Records",0.601,0.733,9,-7.382,1,0.0422,0.00435,0.000658,0.115,0.413,124.872,4
spotify:track:1vr4FrSgXZx010vU0VRs4C,"Fantasy Man","Strict Joy (Deluxe Edition)","The Swell Season;Glen Hansard;Markéta Irglová",2009-10-23,306160,21,false,22fa6drl533jtvipykcflfbma,2026-05-30T18:47:27Z,"","Masterkey Sounds & Plateau Records",0.612,0.256,11,-11.72,0,0.0295,0.535,0.000652,0.125,0.243,120.062,3
spotify:track:4Lr1NgGLl22OyppympoZYm,"Paper Cup","Strict Joy (Deluxe Edition)","The Swell Season;Glen Hansard;Markéta Irglová",2009-10-23,201826,18,false,22fa6drl533jtvipykcflfbma,2026-05-30T18:47:27Z,"","Masterkey Sounds & Plateau Records",0.717,0.246,9,-14.568,0,0.045,0.838,0.561,0.124,0.38,119.256,4
spotify:track:6175ZdOokmM4Z469gaa3v4,"High Horses","Strict Joy (Deluxe Edition)","The Swell Season;Glen Hansard;Markéta Irglová",2009-10-23,299413,21,false,22fa6drl533jtvipykcflfbma,2026-05-30T18:47:27Z,"","Masterkey Sounds & Plateau Records",0.537,0.746,9,-7.776,0,0.0331,0.00578,0.661,0.352,0.257,129.15,4
spotify:track:6N4qevQs1vk8GqQpUA2HOt,"The Verb","Strict Joy (Deluxe Edition)","The Swell Season;Glen Hansard;Markéta Irglová",2009-10-23,271506,18,false,22fa6drl533jtvipykcflfbma,2026-05-30T18:47:27Z,"","Masterkey Sounds & Plateau Records",0.549,0.668,2,-7.388,1,0.0318,0.22,0.0982,0.105,0.314,147.131,4
spotify:track:2BlxLZ9wZ0NA4xf4VI7SP6,"I Have Loved You Wrong","Strict Joy (Deluxe Edition)","The Swell Season;Glen Hansard;Markéta Irglová",2009-10-23,304586,25,false,22fa6drl533jtvipykcflfbma,2026-05-30T18:47:27Z,"","Masterkey Sounds & Plateau Records",0.45,0.316,6,-13.885,0,0.0393,0.646,0.447,0.163,0.177,125.849,4
spotify:track:46up0MOYvRVcjUKo8GDGUQ,"Love That Conquers","Strict Joy (Deluxe Edition)","The Swell Season;Glen Hansard;Markéta Irglová",2009-10-23,236973,18,false,22fa6drl533jtvipykcflfbma,2026-05-30T18:47:27Z,"","Masterkey Sounds & Plateau Records",0.52,0.366,7,-11.127,1,0.0318,0.723,0.255,0.345,0.599,139.968,5
spotify:track:7ukKjNu5ph0S1revH2Y9rf,"Two Tongues","Strict Joy (Deluxe Edition)","The Swell Season;Glen Hansard;Markéta Irglová",2009-10-23,225586,21,false,22fa6drl533jtvipykcflfbma,2026-05-30T18:47:27Z,"","Masterkey Sounds & Plateau Records",0.608,0.44,1,-9.157,0,0.0266,0.348,0.000209,0.112,0.17,148.102,4
spotify:track:6e3KJXOZtz3AwQh4RmG5po,"Back Broke","Strict Joy (Deluxe Edition)","The Swell Season;Glen Hansard;Markéta Irglová",2009-10-23,242533,22,false,22fa6drl533jtvipykcflfbma,2026-05-30T18:47:27Z,"","Masterkey Sounds & Plateau Records",0.573,0.195,1,-14.249,0,0.0333,0.69,0.387,0.108,0.237,120.811,3
spotify:track:0TkKPdemBtn4AihNAAwXNK,"Say It To Me Now - Live","Strict Joy (Deluxe Edition)","The Swell Season;Glen Hansard;Markéta Irglová",2009-10-23,299280,16,false,22fa6drl533jtvipykcflfbma,2026-05-30T18:47:27Z,"","Masterkey Sounds & Plateau Records",0.487,0.505,4,-15.794,1,0.156,0.801,0.0712,0.983,0.432,78.471,4
spotify:track:1J7XXKKrTmELfwYyA0arxq,"All The Way Down - Live","Strict Joy (Deluxe Edition)","The Swell Season;Glen Hansard;Markéta Irglová",2009-10-23,242200,15,false,22fa6drl533jtvipykcflfbma,2026-05-30T18:47:27Z,"","Masterkey Sounds & Plateau Records",0.336,0.251,8,-18.202,0,0.185,0.958,0.00228,0.247,0.195,150.478,4
spotify:track:44bwG9yHUihPzgGCI6GPZx,"Lies - Live","Strict Joy (Deluxe Edition)","The Swell Season;Glen Hansard;Markéta Irglová",2009-10-23,479493,14,false,22fa6drl533jtvipykcflfbma,2026-05-30T18:47:27Z,"","Masterkey Sounds & Plateau Records",0.417,0.248,7,-14.639,1,0.44,0.904,0,0.462,0.0581,142.762,4
spotify:track:6GtHBVkHV0KPgC4e5xkUAj,"This Low - Live","Strict Joy (Deluxe Edition)","The Swell Season;Glen Hansard;Markéta Irglová",2009-10-23,796600,12,false,22fa6drl533jtvipykcflfbma,2026-05-30T18:47:27Z,"","Masterkey Sounds & Plateau Records",0.526,0.203,5,-19.319,1,0.502,0.865,0,0.656,0.117,124.263,3
spotify:track:6mOqVOdEjOMXyNpkDyidfH,"Drown Out - Live","Strict Joy (Deluxe Edition)","The Swell Season;Glen Hansard;Markéta Irglová",2009-10-23,344480,12,false,22fa6drl533jtvipykcflfbma,2026-05-30T18:47:27Z,"","Masterkey Sounds & Plateau Records",0.306,0.263,11,-14.066,0,0.0309,0.817,0.787,0.756,0.0529,106.414,4
spotify:track:5Eyaz5BT1niA05yNCqn9sq,"When Your Mind's Made Up - Live","Strict Joy (Deluxe Edition)","The Swell Season;Glen Hansard;Markéta Irglová",2009-10-23,356040,17,false,22fa6drl533jtvipykcflfbma,2026-05-30T18:47:27Z,"","Masterkey Sounds & Plateau Records",0.411,0.42,9,-11.493,0,0.162,0.835,0.0000457,0.823,0.172,114.509,3
spotify:track:5rnnzM4VqdtqjuFR5aXuRc,"I Have Loved You Wrong - Live","Strict Joy (Deluxe Edition)","The Swell Season;Glen Hansard;Markéta Irglová",2009-10-23,581920,12,false,22fa6drl533jtvipykcflfbma,2026-05-30T18:47:27Z,"","Masterkey Sounds & Plateau Records",0.352,0.389,11,-16.938,1,0.357,0.898,0.0122,0.983,0.282,131.611,4
spotify:track:4GtTvt41EQ20QMEdThNq03,"Falling Slowly - Live","Strict Joy (Deluxe Edition)","The Swell Season;Glen Hansard;Markéta Irglová",2009-10-23,392626,25,false,22fa6drl533jtvipykcflfbma,2026-05-30T18:47:27Z,"","Masterkey Sounds & Plateau Records",0.329,0.402,0,-11.45,1,0.0588,0.888,0.000203,0.789,0.18,137.77,4
spotify:track:1Cqyrf7sgNnHdP4a8kfxc0,"Gigantic - Live","Strict Joy (Deluxe Edition)","The Swell Season;Glen Hansard;Markéta Irglová",2009-10-23,326480,12,false,22fa6drl533jtvipykcflfbma,2026-05-30T18:47:27Z,"","Masterkey Sounds & Plateau Records",0.623,0.235,4,-18.082,1,0.307,0.729,0.00000516,0.128,0.384,106.663,4
spotify:track:3Pnq8dd3XNFPwQI9HMFqcZ,"Leave - Live","Strict Joy (Deluxe Edition)","The Swell Season;Glen Hansard;Markéta Irglová",2009-10-23,185280,13,false,22fa6drl533jtvipykcflfbma,2026-05-30T18:47:27Z,"","Masterkey Sounds & Plateau Records",0.411,0.234,4,-11.62,1,0.0668,0.824,0.00000267,0.664,0.25,137.232,3
spotify:track:1CuVOqzTWlWHy4Klgq9WCX,"What Happens When The Heart Just Stops - Live","Strict Joy (Deluxe Edition)","The Swell Season;Glen Hansard;Markéta Irglová",2009-10-23,765120,10,false,22fa6drl533jtvipykcflfbma,2026-05-30T18:47:27Z,"","Masterkey Sounds & Plateau Records",0.43,0.198,0,-25.127,1,0.787,0.86,0,0.461,0.153,81.008,4
spotify:track:6JKHUl1GHXNuy5uISVoIN4,"Lay Me Down - Live","Strict Joy (Deluxe Edition)","The Swell Season;Glen Hansard;Markéta Irglová",2009-10-23,375280,9,false,22fa6drl533jtvipykcflfbma,2026-05-30T18:47:27Z,"","Masterkey Sounds & Plateau Records",0.491,0.259,4,-22.685,1,0.454,0.902,0.000111,0.0809,0.228,107.713,4
spotify:track:7L6y7tqURygBQqRvo5U3x2,"Go With Happiness - Live","Strict Joy (Deluxe Edition)","The Swell Season;Glen Hansard;Markéta Irglová",2009-10-23,440106,9,false,22fa6drl533jtvipykcflfbma,2026-05-30T18:47:27Z,"","Masterkey Sounds & Plateau Records",0.454,0.27,9,-20.668,0,0.249,0.726,0.000135,0.692,0.247,86.739,4
spotify:track:644LnQMs1PbJEG02KDpQR9,"Once - Live","Strict Joy (Deluxe Edition)","The Swell Season;Glen Hansard;Markéta Irglová",2009-10-23,270866,11,false,22fa6drl533jtvipykcflfbma,2026-05-30T18:47:27Z,"","Masterkey Sounds & Plateau Records",0.299,0.117,2,-13.337,0,0.0376,0.819,0.00263,0.711,0.093,105.188,4
spotify:track:3xfPpkgfhqbsv9Ew9QtVCH,"If You Want Me - Live","Strict Joy (Deluxe Edition)","The Swell Season;Glen Hansard;Markéta Irglová",2009-10-23,319146,13,false,22fa6drl533jtvipykcflfbma,2026-05-30T18:47:27Z,"","Masterkey Sounds & Plateau Records",0.458,0.326,6,-12.624,0,0.0565,0.789,0.000389,0.199,0.236,78.926,4
spotify:track:5oi3MG8znxf104IgnW8YDz,"Broken Hearted Hoover Fixer Sucker Guy - Live","Strict Joy (Deluxe Edition)","The Swell Season;Glen Hansard;Markéta Irglová",2009-10-23,47840,8,false,22fa6drl533jtvipykcflfbma,2026-05-30T18:47:27Z,"","Masterkey Sounds & Plateau Records",0.485,0.467,7,-11.971,1,0.0518,0.634,0.0000581,0.779,0.655,103.525,3
spotify:track:6293Vl1uHbWSuDVY1qeAwj,"Fitzcarraldo - Live","Strict Joy (Deluxe Edition)","The Swell Season;Glen Hansard;Markéta Irglová",2009-10-23,433973,17,false,22fa6drl533jtvipykcflfbma,2026-05-30T18:47:27Z,"","Masterkey Sounds & Plateau Records",0.448,0.626,6,-9.163,0,0.0475,0.518,0.000118,0.157,0.293,77.755,4
spotify:track:6l8QqU32SCWAHAQCOMWBB0,"Star Star - Live","Strict Joy (Deluxe Edition)","The Swell Season;Glen Hansard;Markéta Irglová",2009-10-23,589653,13,false,22fa6drl533jtvipykcflfbma,2026-05-30T18:47:27Z,"","Masterkey Sounds & Plateau Records",0.318,0.223,4,-20.324,1,0.253,0.887,0.000171,0.684,0.266,93.309,4
spotify:track:6thJDAtGtlnZqJpu2Rw0dK,"The Auld Triangle - Live","Strict Joy (Deluxe Edition)","The Swell Season;Glen Hansard;Markéta Irglová",2009-10-23,495266,12,false,22fa6drl533jtvipykcflfbma,2026-05-30T18:47:27Z,"","Masterkey Sounds & Plateau Records",0.395,0.409,7,-9.368,1,0.0323,0.533,0.00194,0.972,0.222,122.208,3
spotify:track:5EXEeHuB5MdcV8NPxt22PA,"The Abandoned Hospital Ship","Clouds Taste Metallic","The Flaming Lips;Peter Mokran",1995,218533,23,false,22fa6drl533jtvipykcflfbma,2026-05-30T18:47:58Z,"neo-psychedelic","Warner Records",0.321,0.31,11,-10.557,1,0.034,0.416,0.0541,0.283,0.356,131.859,3
spotify:track:5rrFaGItMPjAdotHsbpg1V,"Psychiatric Explorations of the Fetus with Needles","Clouds Taste Metallic","The Flaming Lips;Peter Mokran",1995,207400,22,false,22fa6drl533jtvipykcflfbma,2026-05-30T18:47:58Z,"neo-psychedelic","Warner Records",0.263,0.636,9,-10.837,1,0.0381,0.0017,0.832,0.275,0.057,124.719,3
spotify:track:30w5DRsotjEK9bLoJpYBpM,"Placebo Headwound","Clouds Taste Metallic","The Flaming Lips;Peter Mokran",1995,220973,20,false,22fa6drl533jtvipykcflfbma,2026-05-30T18:47:58Z,"neo-psychedelic","Warner Records",0.188,0.657,2,-9.991,1,0.0381,0.0152,0.0574,0.302,0.285,183.79,4
spotify:track:0kC3En6GsaA6Ma1s6ibTgA,"This Here Giraffe","Clouds Taste Metallic","The Flaming Lips;Peter Mokran",1995,228084,22,false,22fa6drl533jtvipykcflfbma,2026-05-30T18:47:58Z,"neo-psychedelic","Warner Records",0.422,0.759,9,-10.114,1,0.0381,0.0146,0.000523,0.306,0.81,127.461,4
spotify:track:4MfPridclsCChiN6ccmNkH,"Brainville","Clouds Taste Metallic","The Flaming Lips",1995,195866,24,false,22fa6drl533jtvipykcflfbma,2026-05-30T18:47:58Z,"neo-psychedelic","Warner Records",0.405,0.634,9,-8.076,1,0.0333,0.391,0.0000143,0.131,0.638,74.543,4
spotify:track:07qCgICCS3CiaZ4KVcb0kt,"Guy Who Got a Headache and Accidentally Saves the World","Clouds Taste Metallic","The Flaming Lips;Peter Mokran",1995,269226,18,false,22fa6drl533jtvipykcflfbma,2026-05-30T18:47:58Z,"neo-psychedelic","Warner Records",0.269,0.886,4,-8.295,1,0.037,0.000942,0.0856,0.127,0.689,94.599,4
spotify:track:3hUSHfPpDPCGL6evUbIEYt,"When You Smile","Clouds Taste Metallic","The Flaming Lips",1995,195600,27,false,22fa6drl533jtvipykcflfbma,2026-05-30T18:47:58Z,"neo-psychedelic","Warner Records",0.231,0.749,2,-10.913,1,0.072,0.469,0.00413,0.142,0.171,178.4,4
spotify:track:4l7tlRMLd254ipuPWZTDBp,"Kim's Watermelon Gun","Clouds Taste Metallic","The Flaming Lips;Peter Mokran",1995,201866,20,false,22fa6drl533jtvipykcflfbma,2026-05-30T18:47:58Z,"neo-psychedelic","Warner Records",0.238,0.945,4,-7.198,0,0.0686,0.0000235,0.694,0.487,0.543,147.14,4
spotify:track:1DM14l4X4Cc9ClQAH4qqgo,"They Punctured My Yolk","Clouds Taste Metallic","The Flaming Lips;Peter Mokran",1995,261666,17,false,22fa6drl533jtvipykcflfbma,2026-05-30T18:47:58Z,"neo-psychedelic","Warner Records",0.243,0.59,7,-9.899,1,0.0309,0.307,0.0000233,0.833,0.614,168.367,3
spotify:track:6mxlr6guvDaZ4GymutQvas,"Lightning Strikes the Postman","Clouds Taste Metallic","The Flaming Lips;Peter Mokran",1995,170600,21,false,22fa6drl533jtvipykcflfbma,2026-05-30T18:47:58Z,"neo-psychedelic","Warner Records",0.352,0.814,2,-6.897,1,0.0421,0.0000444,0.862,0.166,0.529,126.343,4
spotify:track:1OHkTDw2UJafmvInXkzAPu,"Christmas at the Zoo","Clouds Taste Metallic","The Flaming Lips;Peter Mokran",1995,187573,21,false,22fa6drl533jtvipykcflfbma,2026-05-30T18:47:58Z,"neo-psychedelic","Warner Records",0.428,0.895,4,-8.464,1,0.034,0.0099,0.000141,0.182,0.524,99.101,4
spotify:track:48QYKuJUN3WHy4GkM3vmw2,"Evil Will Prevail","Clouds Taste Metallic","The Flaming Lips;Peter Mokran",1995,225906,19,false,22fa6drl533jtvipykcflfbma,2026-05-30T18:47:58Z,"neo-psychedelic","Warner Records",0.413,0.425,9,-10.086,1,0.0371,0.302,0.000641,0.0446,0.324,118.534,4
spotify:track:4Ad2I6JZqB0Eu3asEreIhX,"Bad Days - Aurally Excited Version","Clouds Taste Metallic","The Flaming Lips",1995,280066,23,false,22fa6drl533jtvipykcflfbma,2026-05-30T18:47:58Z,"neo-psychedelic","Warner Records",0.446,0.559,9,-13.855,1,0.0331,0.0657,0.0296,0.119,0.368,120.397,4
spotify:track:2Qjafipevq45EfBNLkXOZr,"Everyday","When It's Happening","Scott McMicken and THE EVER-EXPANDING",2024-04-19,239546,10,false,22fa6drl533jtvipykcflfbma,2026-05-30T18:49:33Z,"","Press On Records",0.628,0.375,0,-13.89,0,0.0464,0.855,0.877,0.104,0.447,95.293,4
spotify:track:4e82IehEYbvYB1UF9xHjbX,"Back In The Water","When It's Happening","Scott McMicken and THE EVER-EXPANDING",2024-04-19,186000,15,false,22fa6drl533jtvipykcflfbma,2026-05-30T18:49:33Z,"","Press On Records",0.402,0.53,0,-11.756,1,0.0467,0.688,0.954,0.434,0.702,144.282,4
spotify:track:0MTpmprmRvmmzENcoEZw7O,"Flying Over Water","When It's Happening","Scott McMicken and THE EVER-EXPANDING",2024-04-19,395102,14,false,22fa6drl533jtvipykcflfbma,2026-05-30T18:49:33Z,"","Press On Records",0.396,0.181,0,-18.269,1,0.0318,0.708,0.904,0.111,0.327,123.586,4
spotify:track:17t95TW7APmK78pTpiUCGq,"My Creation","When It's Happening","Scott McMicken and THE EVER-EXPANDING",2024-04-19,381878,9,false,22fa6drl533jtvipykcflfbma,2026-05-30T18:49:33Z,"","Press On Records",0.703,0.569,9,-12.967,0,0.0652,0.657,0.751,0.144,0.853,96.346,4
spotify:track:7yp0sduyxHfACuhVViHqJp,"When It's Happening","When It's Happening","Scott McMicken and THE EVER-EXPANDING",2024-04-19,384318,8,false,22fa6drl533jtvipykcflfbma,2026-05-30T18:49:33Z,"","Press On Records",0.104,0.26,9,-14.667,1,0.0372,0.863,0.845,0.252,0.197,80.609,1
spotify:track:1xTMr62r6GD0OWpaIkha2y,"Here's Good","When It's Happening","Scott McMicken and THE EVER-EXPANDING",2024-04-19,181681,7,false,22fa6drl533jtvipykcflfbma,2026-05-30T18:49:33Z,"","Press On Records",0.438,0.653,7,-11.176,1,0.064,0.376,0.927,0.359,0.731,65.678,4
spotify:track:0goXKYXUyI1n7O3EtFT3gA,"Take Me Where I Ain't","When It's Happening","Scott McMicken and THE EVER-EXPANDING;Alyse Baca",2024-04-19,316075,9,false,22fa6drl533jtvipykcflfbma,2026-05-30T18:49:33Z,"","Press On Records",0.319,0.459,0,-13.795,1,0.0396,0.773,0.819,0.157,0.221,129.14,4
spotify:track:2SMyW5QMfFAl3xrJewBEbD,"Afraid","The Life You Save","Flock of Dimes",2025-10-10,221306,45,false,22fa6drl533jtvipykcflfbma,2026-05-30T18:50:39Z,"","Sub Pop Records",0.567,0.5,1,-9.706,1,0.0381,0.415,0.00745,0.13,0.401,133.253,4
spotify:track:1UXrY8dRPFVkkB8MiwpT3T,"Keep Me in the Dark","The Life You Save","Flock of Dimes",2025-10-10,266546,32,false,22fa6drl533jtvipykcflfbma,2026-05-30T18:50:39Z,"","Sub Pop Records",0.562,0.535,0,-9.02,1,0.0733,0.441,0.00026,0.156,0.641,142.04,4
spotify:track:13UDyEmTT5uWXZgq1TdCFA,"Long After Midnight","The Life You Save","Flock of Dimes",2025-10-10,171213,37,false,22fa6drl533jtvipykcflfbma,2026-05-30T18:50:39Z,"","Sub Pop Records",0.683,0.371,10,-9.29,1,0.0267,0.865,0,0.182,0.512,113.962,4
spotify:track:7sVui2biXVbNdtWAtyEBQ9,"Defeat","The Life You Save","Flock of Dimes",2025-10-10,257666,25,false,22fa6drl533jtvipykcflfbma,2026-05-30T18:50:39Z,"","Sub Pop Records",0.596,0.496,0,-7.894,1,0.0609,0.795,0.00000368,0.123,0.412,96.965,4
spotify:track:1EmP3EjQHVhM04KzbNF9Yg,"Close to Home","The Life You Save","Flock of Dimes",2025-10-10,279160,24,false,22fa6drl533jtvipykcflfbma,2026-05-30T18:50:39Z,"","Sub Pop Records",0.662,0.394,0,-12.654,1,0.039,0.787,0.0266,0.107,0.498,119.025,4
spotify:track:4cJf5XbOGdHsEZRExCVDlp,"The Enemy","The Life You Save","Flock of Dimes",2025-10-10,200733,24,false,22fa6drl533jtvipykcflfbma,2026-05-30T18:50:39Z,"","Sub Pop Records",0.518,0.532,0,-8.14,1,0.0298,0.236,0.349,0.117,0.398,115.152,4
spotify:track:29cQuuX9MvWYMVJpo5DRqd,"Not Yet Free","The Life You Save","Flock of Dimes",2025-10-10,257293,23,false,22fa6drl533jtvipykcflfbma,2026-05-30T18:50:39Z,"","Sub Pop Records",0.564,0.227,10,-8.833,1,0.028,0.948,0,0.131,0.264,133.234,4
spotify:track:6wAuwLfF595XjBI2ySimPn,"Pride","The Life You Save","Flock of Dimes",2025-10-10,297386,23,false,22fa6drl533jtvipykcflfbma,2026-05-30T18:50:39Z,"","Sub Pop Records",0.579,0.467,8,-10.721,1,0.0289,0.61,0.0227,0.125,0.335,137.038,4
spotify:track:14zUBTKx3HTDUaakH3ttkz,"Theo","The Life You Save","Flock of Dimes",2025-10-10,226426,21,false,22fa6drl533jtvipykcflfbma,2026-05-30T18:50:39Z,"","Sub Pop Records",0.559,0.491,5,-9.535,0,0.0324,0.766,0.00014,0.14,0.449,126.849,4
spotify:track:78HrH4pWxRUN4mtRdWl6A4,"Instead of Calling","The Life You Save","Flock of Dimes",2025-10-10,229173,19,false,22fa6drl533jtvipykcflfbma,2026-05-30T18:50:39Z,"","Sub Pop Records",0.258,0.476,0,-10.295,0,0.055,0.737,0.00459,0.111,0.308,69.888,5
spotify:track:6FOxvEscRS4kjD9w8lOPEd,"River in My Arms","The Life You Save","Flock of Dimes",2025-10-10,321093,20,false,22fa6drl533jtvipykcflfbma,2026-05-30T18:50:39Z,"","Sub Pop Records",0.592,0.316,1,-11.953,1,0.0312,0.812,0.0016,0.114,0.341,125.962,1
spotify:track:43OAuVIyh36DMyyuxdHqeF,"I Think I'm God","The Life You Save","Flock of Dimes",2025-10-10,293097,18,false,22fa6drl533jtvipykcflfbma,2026-05-30T18:50:39Z,"","Sub Pop Records",0.477,0.268,2,-9.253,1,0.0303,0.886,0.0000184,0.276,0.181,82.823,4
spotify:track:2Ies1xCDtwX1iU0zwyyJCO,"Pendulum Swing","Valentine","Courtney Marie Andrews",2026-01-16,202960,31,false,22fa6drl533jtvipykcflfbma,2026-05-30T18:56:35Z,"americana,alt country","Loose Future",0.534,0.375,7,-10.438,1,0.0297,0.592,0.227,0.124,0.334,139.863,4
spotify:track:65ZvnaWPhMKKv3jzdgopHQ,"Keeper","Valentine","Courtney Marie Andrews",2026-01-16,192551,33,false,22fa6drl533jtvipykcflfbma,2026-05-30T18:56:35Z,"americana,alt country","Loose Future",0.655,0.546,2,-9.309,1,0.0276,0.664,0.0000975,0.133,0.584,127.968,4
spotify:track:4riYJIO6Bzj9IfuSyrzcdb,"Cons and Clowns","Valentine","Courtney Marie Andrews",2026-01-16,254260,34,false,22fa6drl533jtvipykcflfbma,2026-05-30T18:56:35Z,"americana,alt country","Loose Future",0.405,0.269,9,-9.634,1,0.0278,0.874,0.00231,0.112,0.13,105.404,4
spotify:track:11uH2ZDgzLE9rnhgmwkG7U,"Magic Touch","Valentine","Courtney Marie Andrews",2026-01-16,179214,27,false,22fa6drl533jtvipykcflfbma,2026-05-30T18:56:35Z,"americana,alt country","Loose Future",0.472,0.533,5,-8.656,1,0.0279,0.62,0.027,0.0998,0.315,124.965,4
spotify:track:74kloXXAfk2H0p8NM1r0dG,"Little Picture of a Butterfly","Valentine","Courtney Marie Andrews",2026-01-16,285720,27,false,22fa6drl533jtvipykcflfbma,2026-05-30T18:56:35Z,"americana,alt country","Loose Future",0.229,0.329,0,-11.38,1,0.032,0.759,0.272,0.074,0.131,79.953,4
spotify:track:7io6jkP4gFujNB6BofLELK,"Outsider","Valentine","Courtney Marie Andrews",2026-01-16,246450,24,false,22fa6drl533jtvipykcflfbma,2026-05-30T18:56:35Z,"americana,alt country","Loose Future",0.271,0.324,0,-10.951,1,0.0295,0.916,0.00901,0.106,0.119,104.15,4
spotify:track:0S4FrT5ZhIwjdnqsGI69lZ,"Everyone Wants To Feel Like You Do","Valentine","Courtney Marie Andrews",2026-01-16,243675,28,false,22fa6drl533jtvipykcflfbma,2026-05-30T18:56:35Z,"americana,alt country","Loose Future",0.615,0.357,4,-9.351,1,0.033,0.0573,0.000149,0.0914,0.297,72.903,4
spotify:track:6Z0ZVcWY7ScGTqnoJmVbf1,"Only the Best for Baby","Valentine","Courtney Marie Andrews",2026-01-16,153007,23,false,22fa6drl533jtvipykcflfbma,2026-05-30T18:56:35Z,"americana,alt country","Loose Future",0.603,0.29,2,-10.711,1,0.0314,0.738,0.00783,0.109,0.367,123.11,4
spotify:track:6fDljo6s2HskCEZmc7an4w,"Best Friend","Valentine","Courtney Marie Andrews",2026-01-16,172829,22,false,22fa6drl533jtvipykcflfbma,2026-05-30T18:56:35Z,"americana,alt country","Loose Future",0.284,0.261,9,-10.727,1,0.0284,0.729,0.0000909,0.108,0.167,71.957,4
spotify:track:60BcjBNdS7cBz1anh4F8rb,"Hangman","Valentine","Courtney Marie Andrews",2026-01-16,225263,23,false,22fa6drl533jtvipykcflfbma,2026-05-30T18:56:35Z,"americana,alt country","Loose Future",0.381,0.342,0,-7.978,1,0.0307,0.594,0.0000107,0.0961,0.318,136.554,4
spotify:track:4W7pf6VhelCgadVUCjRMuA,"An Introduction to the Album","Home, Like Noplace Is There","The Hotelier",2014-02-25,272546,43,true,22fa6drl533jtvipykcflfbma,2026-06-05T14:28:04Z,"midwest emo,emo,math rock","Dreams of Field",0.539,0.534,3,-8.528,1,0.0424,0.509,0.0000855,0.426,0.347,110.076,3
spotify:track:4DbUQEgElKCWJctFPis6UT,"The Scope of All of This Rebuilding","Home, Like Noplace Is There","The Hotelier",2014-02-25,146480,44,false,22fa6drl533jtvipykcflfbma,2026-06-05T14:28:04Z,"midwest emo,emo,math rock","Dreams of Field",0.335,0.941,5,-5.641,1,0.16,0.00192,0.0000249,0.113,0.514,172.959,4
spotify:track:0C1jSlG9Uq25dVlXryn0F7,"In Framing","Home, Like Noplace Is There","The Hotelier",2014-02-25,179626,41,false,22fa6drl533jtvipykcflfbma,2026-06-05T14:28:04Z,"midwest emo,emo,math rock","Dreams of Field",0.595,0.863,1,-6.083,1,0.065,0.000377,0.227,0.486,0.413,127.444,4
spotify:track:21ACVHZc3K9lK0zleucFaJ,"Your Deep Rest","Home, Like Noplace Is There","The Hotelier",2014-02-25,227213,55,false,22fa6drl533jtvipykcflfbma,2026-06-05T14:28:04Z,"midwest emo,emo,math rock","Dreams of Field",0.363,0.876,3,-6.53,1,0.111,0.0514,0.00000287,0.0991,0.408,110.019,4
spotify:track:2oiuX6M84uqzMyQXltGRM6,"Among the Wildflowers","Home, Like Noplace Is There","The Hotelier",2014-02-25,348893,47,false,22fa6drl533jtvipykcflfbma,2026-06-05T14:28:04Z,"midwest emo,emo,math rock","Dreams of Field",0.25,0.58,6,-8.692,1,0.0379,0.169,0.112,0.124,0.197,81.023,4
spotify:track:39A0KJAv5tBZyulNYecd20,"Life in Drag","Home, Like Noplace Is There","The Hotelier",2014-02-25,141880,39,false,22fa6drl533jtvipykcflfbma,2026-06-05T14:28:04Z,"midwest emo,emo,math rock","Dreams of Field",0.42,0.949,11,-6.029,1,0.073,0.00416,0,0.227,0.581,170.256,4
spotify:track:58R1SG4RgVE5eHApvNvFae,"Housebroken","Home, Like Noplace Is There","The Hotelier",2014-02-25,290866,43,false,22fa6drl533jtvipykcflfbma,2026-06-05T14:28:04Z,"midwest emo,emo,math rock","Dreams of Field",0.538,0.607,0,-6.231,0,0.0603,0.0623,0.00000832,0.129,0.484,129.696,3
spotify:track:5JdzXZJdZF9QEVfmb0Jtqz,"Discomfort Revisited","Home, Like Noplace Is There","The Hotelier",2014-02-25,239573,40,false,22fa6drl533jtvipykcflfbma,2026-06-05T14:28:04Z,"midwest emo,emo,math rock","Dreams of Field",0.468,0.921,8,-6.48,1,0.069,0.00339,0,0.159,0.503,147.843,3
spotify:track:1oC4MWKjjkPbIALNd3sP3C,"Dendron","Home, Like Noplace Is There","The Hotelier",2014-02-25,327906,41,false,22fa6drl533jtvipykcflfbma,2026-06-05T14:28:04Z,"midwest emo,emo,math rock","Dreams of Field",0.364,0.753,1,-7.779,1,0.0675,0.00167,0.00641,0.277,0.218,135.185,4
